text,extracted_entities
security concerns like data breaches top priority us,{}
evaluating analytics capabilities solution vs competitorx,{'features': ['analytics']}
pricing model offer compared competitory,{}
evaluating analytics capabilities solution vs competitorx,{'features': ['analytics']}
compliance team worried data handling soc certified,{}
security concerns like data breaches top priority us,{}
compliance team worried data handling soc certified,{}
considering discount data pipeline needs better integration,{'pricing_keywords': ['discount']}
offer better renewal cost also like competitorxs ai engine,{}
offer better renewal cost also like competitorys ai engine,{}
offer better renewal cost also like competitorys analytics,{'features': ['analytics']}
evaluating analytics capabilities solution vs competitory,{'features': ['analytics']}
offer better renewal cost also like competitorys ai engine,{}
evaluating analytics capabilities solution vs competitory,{'features': ['analytics']}
offer better renewal cost also like competitorxs data pipeline,{}
love analytics competitory cheaper subscription,{'features': ['analytics']}
data pipeline efficiency matters lot customize,{}
considering discount analytics needs better integration,"{'pricing_keywords': ['discount'], 'features': ['analytics']}"
considering discount ai engine needs better integration,{'pricing_keywords': ['discount']}
data pipeline efficiency matters lot customize,{}
evaluating analytics capabilities solution vs competitorz,{'features': ['analytics']}
offer better renewal cost also like competitorys ai engine,{}
considering discount analytics needs better integration,"{'pricing_keywords': ['discount'], 'features': ['analytics']}"
offer better renewal cost also like competitorzs analytics,{'features': ['analytics']}
love ai engine competitorx cheaper subscription,{}
offer better renewal cost also like competitorxs data pipeline,{}
pricing model offer compared competitorz,{}
data pipeline efficiency matters lot customize,{}
data pipeline efficiency matters lot customize,{}
evaluating analytics capabilities solution vs competitorx,{'features': ['analytics']}
security concerns like data breaches top priority us,{}
love analytics competitory cheaper subscription,{'features': ['analytics']}
evaluating analytics capabilities solution vs competitorx,{'features': ['analytics']}
data pipeline efficiency matters lot customize,{}
pricing model offer compared competitorx,{}
security concerns like data breaches top priority us,{}
evaluating analytics capabilities solution vs competitorx,{'features': ['analytics']}
evaluating analytics capabilities solution vs competitorz,{'features': ['analytics']}
offer better renewal cost also like competitorys data pipeline,{}
pricing model offer compared competitorx,{}
love ai engine competitorx cheaper subscription,{}
considering discount ai engine needs better integration,{'pricing_keywords': ['discount']}
offer better renewal cost also like competitorzs analytics,{'features': ['analytics']}
considering discount analytics needs better integration,"{'pricing_keywords': ['discount'], 'features': ['analytics']}"
love analytics competitorz cheaper subscription,{'features': ['analytics']}
security concerns like data breaches top priority us,{}
compliance team worried data handling soc certified,{}
considering discount ai engine needs better integration,{'pricing_keywords': ['discount']}
compliance team worried data handling soc certified,{}
compliance team worried data handling soc certified,{}
considering discount analytics needs better integration,"{'pricing_keywords': ['discount'], 'features': ['analytics']}"
data pipeline efficiency matters lot customize,{}
considering discount ai engine needs better integration,{'pricing_keywords': ['discount']}
data pipeline efficiency matters lot customize,{}
pricing model offer compared competitorz,{}
compliance team worried data handling soc certified,{}
data pipeline efficiency matters lot customize,{}
evaluating analytics capabilities solution vs competitorz,{'features': ['analytics']}
considering discount data pipeline needs better integration,{'pricing_keywords': ['discount']}
offer better renewal cost also like competitorys ai engine,{}
pricing model offer compared competitorx,{}
data pipeline efficiency matters lot customize,{}
compliance team worried data handling soc certified,{}
security concerns like data breaches top priority us,{}
compliance team worried data handling soc certified,{}
offer better renewal cost also like competitorxs ai engine,{}
love ai engine competitorx cheaper subscription,{}
data pipeline efficiency matters lot customize,{}
offer better renewal cost also like competitorxs data pipeline,{}
security concerns like data breaches top priority us,{}
compliance team worried data handling soc certified,{}
offer better renewal cost also like competitorxs analytics,{'features': ['analytics']}
data pipeline efficiency matters lot customize,{}
offer better renewal cost also like competitorzs data pipeline,{}
considering discount data pipeline needs better integration,{'pricing_keywords': ['discount']}
love analytics competitory cheaper subscription,{'features': ['analytics']}
data pipeline efficiency matters lot customize,{}
data pipeline efficiency matters lot customize,{}
compliance team worried data handling soc certified,{}
security concerns like data breaches top priority us,{}
compliance team worried data handling soc certified,{}
evaluating analytics capabilities solution vs competitory,{'features': ['analytics']}
evaluating analytics capabilities solution vs competitorz,{'features': ['analytics']}
considering discount ai engine needs better integration,{'pricing_keywords': ['discount']}
considering discount ai engine needs better integration,{'pricing_keywords': ['discount']}
love data pipeline competitorz cheaper subscription,{}
pricing model offer compared competitorz,{}
considering discount analytics needs better integration,"{'pricing_keywords': ['discount'], 'features': ['analytics']}"
considering discount analytics needs better integration,"{'pricing_keywords': ['discount'], 'features': ['analytics']}"
evaluating analytics capabilities solution vs competitorx,{'features': ['analytics']}
data pipeline efficiency matters lot customize,{}
security concerns like data breaches top priority us,{}
data pipeline efficiency matters lot customize,{}
compliance team worried data handling soc certified,{}
pricing model offer compared competitorz,{}
compliance team worried data handling soc certified,{}
security concerns like data breaches top priority us,{}
love ai engine competitorz cheaper subscription,{}
data pipeline efficiency matters lot customize,{}
data pipeline efficiency matters lot customize,{}
